product_id,date,price,inventory,days_to_expiry,competitor_price,promo_flag,weather_score,units_sold
sushi-6pcs,2025-08-23,6.89,106,0,9.16,0,0.72,2
sushi-6pcs,2025-08-03,7.04,47,0,8.03,0,0.53,3
bread-loaf,2025-08-05,3.43,13,2,3.84,0,0.9,13
salad-bowl,2025-08-01,5.08,21,1,4.64,0,0.43,21
sushi-6pcs,2025-08-04,7.27,97,0,7.58,0,0.93,0
milk-1L,2025-08-01,6.07,104,1,5.78,0,0.81,31
yogurt-150g,2025-08-09,2.78,99,6,1.97,0,0.6,50
sushi-6pcs,2025-08-13,6.79,59,0,7.54,1,0.83,11
milk-1L,2025-08-14,6.02,50,2,5.83,0,0.42,41
chicken-breast,2025-08-20,8.29,98,0,10.5,0,0.65,2
chicken-breast,2025-07-25,8.25,77,1,10.32,0,0.34,9
milk-1L,2025-08-16,6.55,33,6,7.59,0,0.56,33
cut-fruit,2025-07-31,4.99,85,1,5.14,0,0.22,30
yogurt-150g,2025-08-11,2.3,88,4,1.62,0,0.85,42
sushi-6pcs,2025-08-21,6.83,96,0,8.76,0,0.68,2
chicken-breast,2025-08-04,8.2,24,1,8.94,0,0.17,11
sushi-6pcs,2025-07-27,6.62,40,0,9.24,0,0.9,9
milk-1L,2025-07-29,5.5,34,1,7.84,0,0.58,34
salad-bowl,2025-07-28,4.97,14,1,6.68,0,0.81,14
yogurt-150g,2025-07-28,2.06,65,3,3.29,0,0.33,42
milk-1L,2025-08-23,6.16,83,5,7.11,0,0.68,51
milk-1L,2025-08-15,6.01,22,5,7.64,1,0.03,22
sushi-6pcs,2025-07-26,6.51,52,0,7.81,0,0.28,0
bread-loaf,2025-08-05,3.49,35,1,4.1,0,0.46,35
bread-loaf,2025-08-16,3.32,100,2,2.62,1,0.53,62
berries-250g,2025-08-16,8.08,66,3,7.78,0,0.0,31
bread-loaf,2025-08-12,3.41,95,2,3.81,0,0.15,48
yogurt-150g,2025-07-26,2.25,13,2,2.11,0,0.62,13
salad-bowl,2025-08-21,5.12,80,0,4.74,0,0.15,6
yogurt-150g,2025-07-27,2.16,46,7,3.58,0,0.13,46
cut-fruit,2025-08-03,4.42,109,1,4.91,1,0.72,33
chicken-breast,2025-08-09,8.65,65,1,8.67,0,0.12,5
chicken-breast,2025-08-20,8.74,28,1,10.68,0,0.89,12
berries-250g,2025-07-25,7.02,29,0,8.62,0,0.73,22
cut-fruit,2025-08-24,4.26,56,0,6.2,0,0.81,22
milk-1L,2025-08-09,5.78,84,3,6.0,0,0.05,46
milk-1L,2025-08-15,5.66,93,3,5.7,0,0.88,46
chicken-breast,2025-08-10,8.37,69,2,10.45,0,0.12,20
berries-250g,2025-08-15,7.66,36,1,7.63,0,0.91,23
berries-250g,2025-08-05,7.99,43,3,9.53,1,0.8,43
chicken-breast,2025-07-28,8.72,67,3,9.03,0,0.8,23
chicken-breast,2025-08-08,9.44,34,4,9.87,0,0.73,27
milk-1L,2025-08-16,6.67,35,6,6.13,0,0.18,35
yogurt-150g,2025-08-21,2.31,17,7,3.48,1,0.77,17
milk-1L,2025-07-26,5.43,41,1,6.65,0,0.51,38
yogurt-150g,2025-08-19,2.5,118,5,1.54,0,0.63,41
bread-loaf,2025-07-25,3.7,49,2,3.67,0,0.82,47
bread-loaf,2025-08-24,3.12,41,0,4.7,0,0.37,30
sushi-6pcs,2025-07-25,7.06,54,0,8.8,0,0.84,0
berries-250g,2025-08-19,7.62,35,2,8.35,0,0.48,32
sushi-6pcs,2025-08-19,6.63,36,0,8.43,0,0.55,7
yogurt-150g,2025-07-31,2.47,33,2,2.45,1,0.88,33
yogurt-150g,2025-07-29,2.62,67,5,3.86,0,0.12,50
yogurt-150g,2025-08-04,2.34,33,0,2.01,0,0.91,31
salad-bowl,2025-08-24,4.9,69,0,6.31,0,0.48,15
salad-bowl,2025-08-08,5.13,54,0,6.78,0,0.47,16
yogurt-150g,2025-08-08,2.05,100,1,3.7,0,0.28,42
yogurt-150g,2025-08-04,2.47,71,9,2.61,0,0.42,53
salad-bowl,2025-07-27,5.49,34,1,5.11,0,0.27,22
sushi-6pcs,2025-08-16,7.21,62,0,7.63,0,0.6,0
cut-fruit,2025-08-22,4.11,36,0,4.98,0,0.77,20
bread-loaf,2025-08-10,3.27,41,0,3.03,0,0.02,33
milk-1L,2025-07-26,6.64,47,6,5.9,0,0.82,47
bread-loaf,2025-08-24,3.43,71,2,3.09,0,0.41,54
sushi-6pcs,2025-08-02,6.86,14,0,8.71,0,0.56,6
sushi-6pcs,2025-08-14,6.93,74,0,7.63,0,0.31,6
sushi-6pcs,2025-07-28,6.67,110,0,7.52,0,0.57,2
milk-1L,2025-08-19,6.43,102,4,6.59,1,0.29,57
chicken-breast,2025-08-01,7.96,20,0,10.88,0,0.82,4
cut-fruit,2025-08-09,4.88,116,1,5.61,0,0.47,32
chicken-breast,2025-08-01,8.68,73,3,10.97,0,0.31,25
chicken-breast,2025-08-09,9.04,37,4,10.73,0,0.9,32
sushi-6pcs,2025-08-02,6.59,71,0,8.19,0,0.97,8
sushi-6pcs,2025-07-30,7.07,11,0,7.63,0,0.71,1
milk-1L,2025-08-20,5.25,99,0,6.49,0,0.34,33
yogurt-150g,2025-08-21,2.7,68,6,1.64,1,0.4,53
chicken-breast,2025-08-20,9.43,51,4,8.67,0,0.45,26
berries-250g,2025-07-25,8.49,68,3,8.43,0,0.98,35
yogurt-150g,2025-08-09,2.05,112,2,3.58,0,0.89,45
berries-250g,2025-08-02,7.65,57,2,8.49,0,0.73,29
bread-loaf,2025-08-24,3.08,64,1,4.49,0,0.87,46
milk-1L,2025-08-18,5.93,45,0,7.71,0,0.05,31
berries-250g,2025-08-16,7.96,108,3,9.31,0,0.53,34
berries-250g,2025-08-02,7.95,91,3,8.64,0,0.36,40
cut-fruit,2025-08-16,4.84,15,1,4.83,0,0.85,15
chicken-breast,2025-07-26,9.12,78,4,10.01,1,0.1,31
cut-fruit,2025-08-11,4.01,51,0,5.76,0,0.09,15
milk-1L,2025-07-28,6.24,27,6,7.82,0,0.13,27
bread-loaf,2025-08-23,3.56,62,1,2.77,0,0.37,44
berries-250g,2025-08-09,7.3,63,0,8.98,0,0.96,17
milk-1L,2025-07-28,5.53,14,1,5.58,0,0.29,14
chicken-breast,2025-08-11,8.25,115,1,9.47,0,0.63,6
chicken-breast,2025-08-23,7.92,66,0,8.65,1,0.74,7
yogurt-150g,2025-08-13,2.48,98,8,1.65,1,0.38,63
milk-1L,2025-08-15,5.59,24,1,7.32,0,1.0,24
bread-loaf,2025-07-30,3.11,14,0,3.03,0,0.42,14
berries-250g,2025-08-15,7.66,39,0,8.33,0,0.87,17
cut-fruit,2025-08-01,4.27,20,0,5.18,0,0.15,10
yogurt-150g,2025-08-03,2.23,87,0,3.97,0,0.8,31
sushi-6pcs,2025-08-16,6.7,96,0,7.17,0,0.28,3
bread-loaf,2025-08-02,2.75,59,0,4.0,0,0.48,34
bread-loaf,2025-08-11,3.29,106,2,2.71,1,0.39,54
salad-bowl,2025-08-15,4.94,12,1,6.59,0,0.46,12
cut-fruit,2025-07-29,4.45,48,0,5.6,0,0.48,16
yogurt-150g,2025-08-14,2.28,15,9,2.45,0,0.83,15
milk-1L,2025-08-22,5.4,21,1,7.71,0,0.34,21
milk-1L,2025-07-30,6.16,70,3,6.41,1,0.88,51
cut-fruit,2025-08-11,4.59,73,1,4.19,0,0.02,29
milk-1L,2025-07-28,6.29,38,3,7.12,0,0.5,38
sushi-6pcs,2025-08-22,7.3,31,0,9.38,0,0.75,2
chicken-breast,2025-08-19,8.9,110,3,8.86,0,0.41,20
chicken-breast,2025-08-24,7.81,82,0,9.69,0,0.39,0
salad-bowl,2025-08-22,5.07,27,0,5.22,0,0.68,12
milk-1L,2025-08-21,5.45,36,0,6.22,0,0.29,32
chicken-breast,2025-08-04,8.51,102,1,8.52,0,0.19,4
salad-bowl,2025-08-23,4.81,38,0,6.56,0,0.2,17
cut-fruit,2025-08-07,4.49,117,0,6.04,0,0.45,20
sushi-6pcs,2025-08-04,6.94,55,0,7.51,1,0.74,6
cut-fruit,2025-08-14,4.92,78,1,4.51,1,0.76,39
cut-fruit,2025-08-21,5.06,91,1,5.86,0,0.56,25
cut-fruit,2025-08-06,4.73,87,0,5.43,1,0.03,21
chicken-breast,2025-08-24,8.51,114,2,10.82,1,0.8,27
milk-1L,2025-08-23,6.29,23,3,5.74,0,0.27,23
berries-250g,2025-07-30,7.56,26,2,9.24,0,0.01,26
berries-250g,2025-07-31,8.19,20,3,8.98,0,0.63,20
sushi-6pcs,2025-08-09,7.22,36,0,7.72,1,0.1,5
cut-fruit,2025-08-19,4.25,84,0,4.56,0,0.77,13
yogurt-150g,2025-07-29,2.03,38,4,3.96,1,0.95,38
chicken-breast,2025-08-01,9.61,83,4,8.76,0,0.46,24
berries-250g,2025-07-26,8.18,110,3,8.41,1,0.37,40
berries-250g,2025-07-25,8.14,44,2,9.4,1,0.26,40
chicken-breast,2025-08-21,8.36,10,1,9.05,0,0.91,4
berries-250g,2025-08-11,8.4,36,3,9.33,0,0.16,36
salad-bowl,2025-08-20,4.57,93,0,6.57,0,0.74,17
sushi-6pcs,2025-08-15,7.26,52,0,7.5,0,0.02,1
yogurt-150g,2025-08-17,2.42,37,7,3.34,0,0.37,37
salad-bowl,2025-08-21,5.07,97,0,5.18,0,0.38,9
milk-1L,2025-08-13,6.2,119,2,7.51,0,0.14,39
sushi-6pcs,2025-07-30,6.63,80,0,8.08,0,0.08,3
bread-loaf,2025-07-27,3.18,22,1,2.58,0,0.25,22
milk-1L,2025-08-16,6.58,11,6,6.71,0,0.0,11
yogurt-150g,2025-08-09,2.15,78,7,3.59,1,0.52,63
berries-250g,2025-08-05,7.18,99,0,8.6,1,0.79,22
yogurt-150g,2025-08-03,2.2,95,0,2.16,0,0.94,35
chicken-breast,2025-08-18,8.69,58,1,9.77,0,0.19,12
cut-fruit,2025-07-30,5.0,82,1,4.33,0,0.99,25
yogurt-150g,2025-08-19,2.56,116,3,1.97,1,0.1,42
yogurt-150g,2025-08-04,2.7,37,4,2.35,0,0.97,37
bread-loaf,2025-07-25,3.49,49,2,4.22,0,0.2,49
sushi-6pcs,2025-08-22,7.24,63,0,7.22,0,0.3,0
salad-bowl,2025-08-14,5.33,53,1,5.17,1,0.27,34
bread-loaf,2025-08-10,3.33,89,1,4.24,0,0.98,41
milk-1L,2025-08-16,5.28,53,0,7.31,0,0.12,30
chicken-breast,2025-08-11,8.4,73,2,8.62,0,0.31,12
berries-250g,2025-07-27,7.55,29,1,8.42,0,0.18,21
chicken-breast,2025-08-22,8.84,82,3,9.63,0,0.15,24
chicken-breast,2025-07-28,8.68,77,3,10.68,0,0.34,18
milk-1L,2025-08-13,5.98,89,0,7.74,0,0.63,32
bread-loaf,2025-08-14,3.16,117,2,4.98,0,0.67,51
sushi-6pcs,2025-08-01,6.79,110,0,8.5,0,0.73,4
berries-250g,2025-08-01,7.63,114,2,8.23,0,0.27,28
cut-fruit,2025-08-20,4.21,119,0,5.33,0,0.97,22
sushi-6pcs,2025-07-31,6.93,71,0,8.14,0,0.88,0
yogurt-150g,2025-08-22,2.19,100,4,3.1,0,0.16,49
chicken-breast,2025-08-24,8.63,64,2,10.53,0,0.94,16
berries-250g,2025-08-15,8.23,119,3,8.43,0,0.9,34
berries-250g,2025-08-19,7.81,19,2,9.17,0,0.66,19
sushi-6pcs,2025-07-26,7.06,104,0,8.68,0,0.34,4
chicken-breast,2025-07-29,9.41,101,4,9.86,0,0.37,24
cut-fruit,2025-08-23,4.22,31,0,4.28,0,0.48,14
salad-bowl,2025-08-02,5.12,99,0,5.08,0,0.39,16
milk-1L,2025-08-13,5.62,59,0,7.7,1,0.49,39
salad-bowl,2025-08-15,5.48,91,1,6.44,0,0.91,31
cut-fruit,2025-07-30,4.7,85,1,4.08,0,0.67,25
berries-250g,2025-07-26,8.54,63,3,9.92,1,0.4,49
cut-fruit,2025-08-02,4.57,21,1,4.84,0,0.58,21
cut-fruit,2025-07-28,4.73,89,1,5.13,0,0.89,32
milk-1L,2025-07-27,6.62,118,5,8.0,0,0.25,49
chicken-breast,2025-07-25,9.39,50,3,9.82,0,0.2,21
berries-250g,2025-08-14,7.75,114,2,8.31,0,0.95,27
cut-fruit,2025-08-03,4.62,68,0,6.3,0,0.41,12
sushi-6pcs,2025-08-14,6.96,22,0,8.64,0,0.48,6
berries-250g,2025-08-08,7.25,84,1,9.77,1,0.61,34
milk-1L,2025-07-30,5.33,17,0,5.93,0,0.85,17
chicken-breast,2025-08-01,7.9,35,0,8.84,0,0.56,1
salad-bowl,2025-08-23,4.59,103,0,5.86,1,0.87,27
milk-1L,2025-08-09,6.54,117,5,5.59,0,0.46,48
salad-bowl,2025-07-26,5.04,17,1,4.88,0,0.7,17
salad-bowl,2025-08-15,4.55,35,0,5.36,0,0.42,13
sushi-6pcs,2025-08-10,6.78,29,0,8.65,0,0.38,2
sushi-6pcs,2025-08-11,6.58,81,0,8.88,0,0.96,2
berries-250g,2025-07-27,7.56,115,0,7.65,0,0.31,9
milk-1L,2025-08-05,5.95,111,1,6.86,0,0.95,36
milk-1L,2025-08-19,5.88,73,3,7.05,0,0.68,43
milk-1L,2025-07-25,6.54,110,4,7.87,1,0.48,55
berries-250g,2025-08-19,7.32,110,0,8.75,1,0.41,20
milk-1L,2025-08-16,5.94,103,2,5.87,0,0.12,42
yogurt-150g,2025-08-24,2.35,100,4,2.7,1,0.93,53
salad-bowl,2025-08-10,4.57,100,0,5.34,0,0.17,17
salad-bowl,2025-07-27,4.53,55,0,4.76,1,0.02,17
milk-1L,2025-08-20,6.54,117,4,6.2,0,0.37,49
sushi-6pcs,2025-08-12,7.0,41,0,7.23,0,0.1,0
chicken-breast,2025-08-20,9.25,73,3,10.96,0,0.77,21
sushi-6pcs,2025-08-14,6.52,55,0,7.22,0,0.85,3
bread-loaf,2025-08-22,3.22,88,2,4.56,0,0.68,49
cut-fruit,2025-08-19,4.49,67,0,5.66,0,0.36,12
cut-fruit,2025-08-10,5.01,27,1,5.42,0,0.59,27
milk-1L,2025-08-23,6.51,58,5,7.87,0,0.97,53
salad-bowl,2025-07-27,4.97,19,1,4.94,0,0.76,19
salad-bowl,2025-08-05,5.02,32,1,4.78,0,0.06,28
bread-loaf,2025-08-19,3.53,106,2,3.98,0,0.62,51
berries-250g,2025-07-25,7.36,50,0,9.78,0,0.7,21
milk-1L,2025-08-23,6.29,44,6,7.21,0,0.91,44
salad-bowl,2025-08-04,4.74,48,0,6.09,0,0.14,16
milk-1L,2025-08-11,6.03,110,2,6.72,0,0.18,39
berries-250g,2025-07-29,7.43,96,0,7.96,1,0.42,19
bread-loaf,2025-08-09,2.74,93,0,4.85,0,0.65,36
milk-1L,2025-08-12,6.23,58,5,5.53,0,0.28,52
berries-250g,2025-08-12,7.9,86,1,8.65,0,0.04,15
yogurt-150g,2025-08-17,2.52,94,2,3.27,0,0.91,34
salad-bowl,2025-08-12,5.53,92,1,5.18,0,0.8,29
sushi-6pcs,2025-08-12,6.68,44,0,8.04,0,0.51,7
cut-fruit,2025-08-10,4.86,31,1,6.17,1,0.6,31
sushi-6pcs,2025-08-12,6.57,10,0,8.1,0,0.96,7
milk-1L,2025-08-04,6.5,94,6,7.39,1,0.93,64
yogurt-150g,2025-07-30,2.78,107,5,2.95,0,0.35,39
berries-250g,2025-07-29,7.42,84,1,8.45,0,0.36,20
berries-250g,2025-08-10,7.45,58,0,8.85,0,0.74,13
sushi-6pcs,2025-08-09,7.29,118,0,8.62,0,0.62,2
milk-1L,2025-08-05,5.98,70,2,6.47,0,0.85,40
milk-1L,2025-08-09,5.81,117,4,5.78,0,0.65,50
yogurt-150g,2025-07-27,2.39,11,8,3.11,0,0.85,11
salad-bowl,2025-08-19,5.16,27,1,5.87,0,0.12,27
yogurt-150g,2025-08-17,2.28,96,2,2.82,0,0.72,34
bread-loaf,2025-08-13,3.29,80,2,4.21,0,0.35,56
salad-bowl,2025-08-18,4.96,89,1,6.22,0,0.19,29
berries-250g,2025-08-10,7.81,32,2,8.83,1,0.83,32
bread-loaf,2025-08-13,2.91,47,1,3.65,0,0.05,43
yogurt-150g,2025-08-11,2.34,118,2,3.63,1,0.98,43
salad-bowl,2025-08-12,5.41,24,1,5.24,0,0.77,24
salad-bowl,2025-08-20,5.29,77,1,6.91,0,0.87,30
cut-fruit,2025-08-14,3.99,28,0,5.65,0,0.93,18
berries-250g,2025-08-07,7.22,23,0,8.61,0,0.74,16
cut-fruit,2025-08-08,4.26,100,0,6.27,0,0.67,19
yogurt-150g,2025-08-06,2.27,82,2,3.82,0,0.52,41
cut-fruit,2025-08-19,5.01,74,1,4.19,0,0.47,29
milk-1L,2025-08-22,6.42,37,5,7.91,0,0.11,37
chicken-breast,2025-08-18,9.59,103,4,9.92,0,0.62,20
berries-250g,2025-08-22,7.26,13,1,9.48,1,0.79,13
milk-1L,2025-08-03,6.15,19,6,7.69,0,0.98,19
salad-bowl,2025-08-04,5.12,42,1,5.44,1,0.77,41
milk-1L,2025-08-23,6.32,108,6,7.93,0,0.72,59
yogurt-150g,2025-08-14,2.68,68,2,3.28,0,0.78,38
bread-loaf,2025-08-20,3.01,43,1,2.66,0,0.87,40
berries-250g,2025-07-31,8.29,84,2,8.81,0,0.64,33
sushi-6pcs,2025-07-29,6.58,49,0,7.92,0,0.67,8
yogurt-150g,2025-08-07,2.04,103,0,1.95,0,0.39,27
milk-1L,2025-08-05,5.43,117,1,5.75,0,0.34,38
salad-bowl,2025-08-18,5.13,63,0,4.86,0,0.04,13
chicken-breast,2025-07-30,8.67,51,2,9.55,0,0.56,18
yogurt-150g,2025-08-12,2.58,36,4,1.9,0,0.2,36
yogurt-150g,2025-08-13,2.26,93,8,2.56,0,0.94,59
salad-bowl,2025-08-18,4.82,33,0,5.83,0,0.03,13
berries-250g,2025-08-20,8.31,77,3,9.94,0,0.3,40
sushi-6pcs,2025-08-03,7.09,54,0,8.74,0,0.65,0
milk-1L,2025-08-09,6.58,113,4,6.66,0,0.78,46
chicken-breast,2025-08-22,8.82,120,3,10.17,0,0.69,26
milk-1L,2025-08-13,5.89,92,0,5.71,0,0.96,35
yogurt-150g,2025-08-16,2.56,20,0,2.38,1,0.59,20
bread-loaf,2025-07-30,2.69,49,0,4.62,0,0.09,30
cut-fruit,2025-08-07,4.59,14,1,5.45,0,0.63,14
salad-bowl,2025-07-31,4.94,76,1,6.41,0,0.68,27
berries-250g,2025-08-04,7.91,100,2,9.05,0,0.59,26
bread-loaf,2025-08-21,3.03,86,1,3.91,0,0.41,39
sushi-6pcs,2025-08-22,6.7,16,0,8.29,0,0.98,4
milk-1L,2025-08-17,5.68,94,3,7.96,0,0.16,47
milk-1L,2025-08-05,6.56,82,5,7.4,0,0.7,55
cut-fruit,2025-08-19,4.08,78,0,4.44,0,0.11,15
berries-250g,2025-08-16,7.69,100,0,7.5,0,0.03,8
salad-bowl,2025-07-31,5.08,28,1,4.93,0,0.9,27
chicken-breast,2025-08-16,8.94,35,4,9.56,0,0.64,23
cut-fruit,2025-08-12,4.83,91,1,4.87,0,0.1,21
bread-loaf,2025-08-15,3.1,95,2,4.0,0,0.78,53
milk-1L,2025-08-21,5.75,44,1,6.7,1,0.67,44
yogurt-150g,2025-08-11,2.45,39,3,2.48,0,0.98,39
chicken-breast,2025-08-20,8.27,70,1,9.09,0,0.87,7
cut-fruit,2025-08-18,4.87,101,1,4.41,0,0.11,28
bread-loaf,2025-08-14,3.41,36,0,4.98,0,0.27,29
berries-250g,2025-08-05,7.63,45,2,9.47,1,0.99,38
milk-1L,2025-07-27,5.27,76,0,5.77,0,0.67,34
yogurt-150g,2025-08-19,1.93,87,2,3.86,1,0.22,45
cut-fruit,2025-08-13,4.46,18,0,5.29,0,0.96,18
bread-loaf,2025-08-18,3.0,63,1,3.83,0,0.95,44
bread-loaf,2025-08-13,3.04,96,0,4.86,0,0.06,32
chicken-breast,2025-08-19,8.45,43,0,10.6,0,0.91,2
milk-1L,2025-07-27,5.76,116,1,7.56,0,0.17,39
yogurt-150g,2025-08-01,2.12,76,2,1.67,0,0.6,34
chicken-breast,2025-08-08,9.06,78,2,9.59,0,0.49,11
yogurt-150g,2025-08-02,2.13,33,0,1.66,0,0.99,33
chicken-breast,2025-08-13,8.94,27,4,9.62,0,0.2,23
yogurt-150g,2025-07-28,1.98,73,1,3.91,1,0.29,41
salad-bowl,2025-08-09,4.84,66,0,6.77,0,0.28,12
bread-loaf,2025-08-06,3.19,22,1,4.76,1,0.69,22
cut-fruit,2025-08-22,4.94,91,1,6.46,0,0.44,28
chicken-breast,2025-08-11,9.38,54,4,10.31,0,0.57,25
chicken-breast,2025-08-13,9.32,32,4,9.74,0,0.21,20
milk-1L,2025-08-06,5.65,110,0,6.35,0,0.51,37
sushi-6pcs,2025-08-08,7.27,78,0,8.03,1,0.57,9
sushi-6pcs,2025-08-01,6.77,37,0,9.05,0,0.23,8
milk-1L,2025-08-02,5.81,47,2,6.5,1,0.61,46
yogurt-150g,2025-08-13,2.31,67,7,1.76,0,0.33,51
chicken-breast,2025-08-15,9.15,19,4,10.05,1,0.94,19
berries-250g,2025-08-13,7.51,20,0,9.84,1,0.49,20
sushi-6pcs,2025-08-19,6.9,50,0,9.22,0,0.89,5
yogurt-150g,2025-08-13,2.48,71,0,3.32,1,0.98,37
milk-1L,2025-08-12,5.88,65,3,5.51,1,0.15,49
yogurt-150g,2025-08-10,2.72,80,9,3.87,0,0.02,61
cut-fruit,2025-08-13,4.82,67,1,5.47,0,0.45,24
yogurt-150g,2025-07-28,2.69,93,7,3.01,0,0.91,50
berries-250g,2025-08-02,7.68,106,1,8.38,0,0.42,22
chicken-breast,2025-08-19,9.13,65,2,9.04,0,0.04,15
cut-fruit,2025-08-08,4.62,112,0,6.35,0,0.09,12
chicken-breast,2025-08-12,9.0,81,2,10.41,0,0.6,17
milk-1L,2025-07-25,6.4,12,3,7.78,0,0.72,12
yogurt-150g,2025-08-14,2.64,31,9,3.56,0,0.22,31
milk-1L,2025-07-29,6.52,110,6,5.69,0,0.52,60
berries-250g,2025-07-31,7.35,108,0,8.12,0,0.88,20
cut-fruit,2025-08-13,4.62,58,1,4.32,0,0.27,24
bread-loaf,2025-07-31,3.77,23,2,2.85,0,0.31,23
salad-bowl,2025-08-23,4.74,68,0,4.7,0,0.64,13
milk-1L,2025-08-02,6.55,20,4,6.47,0,0.88,20
chicken-breast,2025-08-15,9.66,27,4,9.44,0,0.57,26
sushi-6pcs,2025-07-27,6.77,24,0,9.45,0,0.48,10
sushi-6pcs,2025-08-04,6.77,112,0,8.12,1,0.98,10
sushi-6pcs,2025-07-26,6.77,101,0,7.49,1,0.52,9
yogurt-150g,2025-08-16,2.72,105,5,3.48,0,0.6,48
chicken-breast,2025-08-17,8.71,33,1,9.29,0,0.21,2
bread-loaf,2025-07-30,3.55,78,1,3.84,0,0.39,45
cut-fruit,2025-07-29,4.43,44,0,4.35,0,0.66,9
cut-fruit,2025-08-15,4.4,57,0,4.19,1,0.56,17
yogurt-150g,2025-08-11,2.79,79,8,1.61,0,0.85,56
sushi-6pcs,2025-08-21,7.11,67,0,9.08,0,0.83,7
cut-fruit,2025-08-17,4.3,56,0,5.38,0,0.74,16
salad-bowl,2025-08-15,4.86,69,0,5.59,0,0.24,17
berries-250g,2025-08-01,7.36,28,0,7.92,0,0.03,9
salad-bowl,2025-08-11,5.44,90,1,6.31,0,0.52,28
cut-fruit,2025-07-26,4.48,74,0,5.19,1,0.36,17
berries-250g,2025-08-21,8.1,87,3,7.66,0,0.26,31
milk-1L,2025-08-19,6.39,42,5,5.68,0,0.51,42
cut-fruit,2025-07-25,4.95,48,1,4.73,0,0.74,29
cut-fruit,2025-08-13,5.05,13,1,5.99,0,0.5,13
chicken-breast,2025-08-05,8.64,47,2,9.45,0,0.83,18
chicken-breast,2025-07-25,8.05,24,0,9.49,0,0.95,2
chicken-breast,2025-08-18,8.18,26,1,9.12,0,0.63,11
milk-1L,2025-08-05,6.5,91,4,6.41,0,0.64,48
yogurt-150g,2025-08-02,2.48,63,4,3.12,0,0.25,48
yogurt-150g,2025-08-10,2.15,57,2,2.21,0,0.18,40
sushi-6pcs,2025-08-19,6.53,82,0,9.11,0,0.66,10
milk-1L,2025-08-15,6.71,58,5,7.54,0,0.92,52
berries-250g,2025-08-19,8.03,108,3,9.09,1,0.7,50
sushi-6pcs,2025-07-27,6.67,23,0,7.7,0,0.55,0
milk-1L,2025-08-11,5.84,38,4,6.79,0,0.4,38
salad-bowl,2025-08-22,5.55,94,1,6.98,0,0.17,34
yogurt-150g,2025-07-27,2.68,91,4,3.57,0,0.11,43
berries-250g,2025-08-14,7.69,39,1,7.86,0,0.49,25
salad-bowl,2025-07-28,5.5,97,1,6.13,0,0.61,30
bread-loaf,2025-08-19,3.16,95,0,3.59,0,0.91,30
cut-fruit,2025-08-17,4.58,20,0,6.22,1,0.49,20
bread-loaf,2025-08-19,3.72,49,2,3.56,0,0.95,49
sushi-6pcs,2025-08-06,7.02,74,0,7.36,0,0.86,0
salad-bowl,2025-08-14,5.37,27,1,5.62,0,0.34,25
cut-fruit,2025-08-15,3.98,118,0,4.62,0,0.72,10
milk-1L,2025-08-17,5.81,36,2,6.72,1,0.71,36
berries-250g,2025-08-13,7.08,85,0,9.33,0,0.52,19
berries-250g,2025-08-11,8.21,98,3,9.39,0,0.07,32
milk-1L,2025-08-24,5.76,24,3,6.42,0,0.9,24
berries-250g,2025-08-17,7.32,41,0,8.49,0,0.61,15
milk-1L,2025-08-19,5.69,92,3,6.0,0,0.26,48
yogurt-150g,2025-07-30,2.18,12,3,1.62,1,0.58,12
bread-loaf,2025-08-23,3.46,96,0,3.89,0,0.71,32
cut-fruit,2025-07-31,4.49,100,0,4.39,0,0.54,9
yogurt-150g,2025-08-18,2.11,20,3,2.31,0,0.58,20
berries-250g,2025-07-28,7.38,104,0,8.28,1,0.76,19
chicken-breast,2025-08-05,9.17,69,3,9.3,0,0.64,20
chicken-breast,2025-08-12,8.65,85,1,10.36,0,0.79,9
milk-1L,2025-08-18,5.94,77,4,6.14,0,0.58,51
berries-250g,2025-08-22,7.5,32,1,8.54,0,0.31,24
bread-loaf,2025-08-21,3.25,32,2,4.5,0,0.02,32
cut-fruit,2025-08-05,4.71,107,1,4.22,0,0.61,32
berries-250g,2025-07-30,8.17,35,3,8.68,0,0.98,35
salad-bowl,2025-08-06,4.48,111,0,4.84,0,0.04,7
cut-fruit,2025-08-16,4.5,97,0,5.45,1,0.16,21
berries-250g,2025-07-25,7.47,107,1,9.84,0,0.15,22
salad-bowl,2025-07-30,5.0,24,1,4.92,0,0.86,24
chicken-breast,2025-08-19,8.11,15,1,9.76,0,0.62,10
bread-loaf,2025-08-08,3.29,22,1,4.15,0,0.17,22
bread-loaf,2025-08-14,2.97,33,0,3.93,0,0.32,32
milk-1L,2025-08-17,6.39,37,3,6.57,0,0.52,37
salad-bowl,2025-08-02,5.01,120,0,5.76,0,0.08,9
chicken-breast,2025-08-19,8.72,15,1,8.92,0,0.87,4
salad-bowl,2025-08-15,5.28,36,1,6.01,0,0.92,36
bread-loaf,2025-08-14,3.34,102,2,4.93,0,0.95,56
bread-loaf,2025-07-27,3.41,36,1,3.93,0,0.53,36
chicken-breast,2025-08-22,8.67,119,2,8.97,0,0.92,17
sushi-6pcs,2025-08-16,7.0,71,0,7.7,0,0.22,5
bread-loaf,2025-08-03,3.29,117,1,3.21,0,0.34,35
sushi-6pcs,2025-07-28,6.54,70,0,8.85,0,0.23,10
berries-250g,2025-07-28,7.45,29,1,9.94,0,0.69,24
milk-1L,2025-08-22,6.01,87,5,7.05,0,0.96,56
chicken-breast,2025-08-12,8.35,65,0,10.86,0,0.94,9
milk-1L,2025-08-03,6.2,12,4,7.38,0,0.31,12
salad-bowl,2025-07-30,5.16,58,0,4.85,0,0.58,11
chicken-breast,2025-08-07,8.56,46,0,8.85,0,0.18,0
berries-250g,2025-08-12,7.2,38,0,9.02,0,0.97,17
yogurt-150g,2025-08-02,2.67,26,8,3.78,0,0.8,26
cut-fruit,2025-08-07,4.83,85,1,4.46,0,0.18,25
yogurt-150g,2025-07-31,2.41,71,3,2.73,1,0.62,53
yogurt-150g,2025-08-08,2.32,74,6,2.59,0,0.36,51
yogurt-150g,2025-07-30,2.51,18,0,2.34,0,0.86,18
sushi-6pcs,2025-08-03,6.91,88,0,8.84,0,0.43,1
cut-fruit,2025-08-16,4.46,33,1,4.64,1,0.48,33
cut-fruit,2025-08-10,4.68,70,1,6.07,0,0.51,34
milk-1L,2025-08-02,6.44,42,4,7.58,0,0.82,42
salad-bowl,2025-07-30,4.83,89,1,5.25,1,0.15,32
sushi-6pcs,2025-08-08,6.7,71,0,7.9,0,0.47,0
yogurt-150g,2025-08-04,2.8,84,9,3.47,0,0.36,60
cut-fruit,2025-08-03,4.33,86,1,5.38,0,0.72,33
salad-bowl,2025-08-05,4.82,67,0,5.39,0,0.64,18
chicken-breast,2025-07-25,9.11,60,3,10.16,0,0.73,17
chicken-breast,2025-08-14,9.35,63,3,9.43,0,0.46,15
berries-250g,2025-08-24,7.48,105,0,9.65,1,0.45,28
bread-loaf,2025-07-25,3.58,102,2,3.78,0,0.13,51
berries-250g,2025-08-05,8.66,13,3,8.8,0,0.31,13
berries-250g,2025-07-25,7.77,119,1,7.93,0,0.04,20
cut-fruit,2025-08-06,4.25,79,0,4.28,0,0.34,7
cut-fruit,2025-07-30,4.45,71,1,5.71,0,0.89,31
salad-bowl,2025-08-11,5.28,21,1,6.8,0,0.57,21
yogurt-150g,2025-08-14,2.36,88,4,3.01,0,0.58,42
milk-1L,2025-08-16,5.86,24,1,5.94,0,0.9,24
yogurt-150g,2025-08-08,2.48,88,1,2.35,0,0.05,31
berries-250g,2025-07-30,7.16,42,0,9.55,0,0.11,16
berries-250g,2025-08-23,7.16,88,0,9.29,0,0.92,15
yogurt-150g,2025-08-14,2.23,59,6,3.62,0,0.08,55
sushi-6pcs,2025-08-10,6.85,28,0,7.31,0,0.05,4
yogurt-150g,2025-08-02,2.58,44,3,2.25,0,0.21,41
sushi-6pcs,2025-08-04,7.23,59,0,7.57,1,0.73,12
cut-fruit,2025-08-03,4.08,113,0,4.56,0,0.59,15
bread-loaf,2025-08-08,3.69,61,2,4.17,0,0.65,47
yogurt-150g,2025-08-24,2.59,96,5,2.95,0,0.28,45
sushi-6pcs,2025-07-25,7.09,33,0,7.86,0,0.96,5
bread-loaf,2025-08-14,3.46,15,1,4.87,0,0.53,15
berries-250g,2025-08-09,7.63,113,1,8.53,0,0.37,23
sushi-6pcs,2025-08-08,6.59,90,0,8.26,0,0.25,3
cut-fruit,2025-08-15,4.85,28,1,4.29,0,0.43,26
yogurt-150g,2025-08-03,2.28,84,0,2.0,0,0.44,31
yogurt-150g,2025-08-22,2.37,74,5,1.54,0,0.26,49
cut-fruit,2025-08-03,4.01,74,0,4.76,0,0.78,16
milk-1L,2025-08-13,6.43,66,4,6.32,0,0.93,45
cut-fruit,2025-08-04,4.84,54,1,4.26,0,0.09,28
sushi-6pcs,2025-08-12,6.61,58,0,8.68,0,0.08,6
chicken-breast,2025-08-23,8.34,87,0,9.09,0,0.29,5
sushi-6pcs,2025-08-13,6.66,39,0,8.42,0,0.84,8
berries-250g,2025-08-02,7.51,46,1,9.59,0,0.97,28
salad-bowl,2025-08-12,5.38,68,1,4.84,0,0.66,31
berries-250g,2025-08-13,7.43,55,0,7.92,0,0.99,20
salad-bowl,2025-08-02,5.15,77,0,5.42,0,0.99,19
milk-1L,2025-08-22,6.1,23,4,5.88,0,0.04,23
berries-250g,2025-07-28,8.04,108,3,9.03,0,0.2,39
salad-bowl,2025-08-07,4.88,103,1,6.77,0,0.31,27
berries-250g,2025-08-04,7.82,41,2,7.78,0,0.51,30
yogurt-150g,2025-08-09,1.93,80,0,2.81,0,0.43,35
salad-bowl,2025-08-15,4.92,80,0,4.58,1,0.47,24
bread-loaf,2025-08-07,2.95,14,0,3.0,0,0.3,14
salad-bowl,2025-08-03,5.23,84,1,5.72,0,0.81,27
cut-fruit,2025-08-04,5.1,14,1,4.52,0,0.19,14
salad-bowl,2025-08-23,4.7,34,0,5.9,0,0.65,18
berries-250g,2025-08-18,7.9,53,3,9.08,0,0.55,36
chicken-breast,2025-08-18,8.37,57,0,10.64,0,0.34,6
bread-loaf,2025-08-16,3.14,60,1,4.72,0,0.18,46
cut-fruit,2025-08-03,4.69,74,1,4.67,0,0.13,27
bread-loaf,2025-08-10,2.95,82,0,3.65,0,0.52,34
yogurt-150g,2025-08-10,2.08,106,1,2.93,0,0.23,37
milk-1L,2025-08-10,5.99,33,2,6.81,0,0.32,33
yogurt-150g,2025-07-29,2.8,10,8,2.35,0,0.4,10
yogurt-150g,2025-07-28,2.15,112,3,1.61,0,0.62,37
berries-250g,2025-08-18,8.61,18,3,7.61,0,0.81,18
milk-1L,2025-08-23,6.25,63,6,7.15,0,0.55,53
milk-1L,2025-07-30,6.07,120,3,7.82,1,0.48,56
chicken-breast,2025-08-19,8.22,49,0,9.43,0,0.72,0
sushi-6pcs,2025-08-08,6.67,24,0,7.56,0,0.49,5
bread-loaf,2025-08-22,3.17,57,2,3.44,1,0.14,57
sushi-6pcs,2025-08-13,7.08,57,0,9.24,0,0.14,10
chicken-breast,2025-08-19,9.32,53,3,10.32,1,0.17,31
sushi-6pcs,2025-08-22,6.81,107,0,8.3,0,0.3,4
sushi-6pcs,2025-07-26,6.76,32,0,8.13,0,0.95,3
chicken-breast,2025-08-20,8.49,46,0,10.89,0,0.99,7
bread-loaf,2025-08-23,2.84,102,0,4.58,0,0.6,38
yogurt-150g,2025-08-14,2.2,71,5,3.1,0,0.68,44
yogurt-150g,2025-08-09,2.41,69,4,1.58,0,0.41,45
cut-fruit,2025-08-06,4.92,79,1,5.61,0,0.42,28
salad-bowl,2025-08-19,4.88,94,1,6.43,1,0.02,34
bread-loaf,2025-08-20,3.67,31,2,2.61,0,0.01,31
salad-bowl,2025-08-16,4.86,65,0,5.51,0,0.79,17
chicken-breast,2025-08-24,8.2,25,1,10.39,0,0.31,8
yogurt-150g,2025-07-29,2.48,119,1,2.69,0,0.14,35
milk-1L,2025-07-30,6.7,115,5,6.38,0,0.18,47
milk-1L,2025-08-07,5.98,23,2,6.93,0,0.21,23
berries-250g,2025-08-19,8.0,111,3,7.97,0,0.73,35
sushi-6pcs,2025-08-02,6.91,82,0,7.66,0,0.16,2
milk-1L,2025-08-16,6.68,19,5,7.61,0,0.0,19
salad-bowl,2025-07-26,5.45,80,1,5.86,1,0.59,37
salad-bowl,2025-08-13,4.39,44,0,4.88,0,0.61,9
sushi-6pcs,2025-07-29,6.74,33,0,9.49,0,0.41,8
cut-fruit,2025-08-17,4.36,14,1,5.98,0,0.36,14
bread-loaf,2025-07-31,2.8,114,0,3.95,0,0.11,36
yogurt-150g,2025-08-05,2.43,114,1,3.75,0,0.33,33
cut-fruit,2025-08-14,4.68,70,1,6.44,0,0.16,31
berries-250g,2025-08-03,7.4,111,0,8.44,1,0.42,20
berries-250g,2025-08-14,7.96,110,2,8.54,0,0.52,30
cut-fruit,2025-08-09,4.64,116,1,5.24,0,0.46,31
chicken-breast,2025-08-19,8.26,89,1,8.89,0,0.49,11
berries-250g,2025-08-17,7.43,71,0,9.14,0,0.99,22
salad-bowl,2025-08-18,5.16,24,0,6.38,0,0.81,17
berries-250g,2025-08-12,7.84,53,2,9.36,1,0.78,40
yogurt-150g,2025-07-25,1.85,105,0,1.52,0,0.97,34
berries-250g,2025-08-23,7.97,64,2,9.64,0,0.35,31
cut-fruit,2025-08-23,5.11,49,1,4.08,0,0.99,26
chicken-breast,2025-08-15,9.55,112,4,10.17,1,0.1,34
bread-loaf,2025-08-01,3.27,28,0,2.7,0,0.29,28
milk-1L,2025-08-18,5.42,41,0,7.58,0,0.06,32
salad-bowl,2025-08-23,4.9,66,1,5.99,0,0.99,37
berries-250g,2025-08-19,7.32,66,0,8.97,0,0.46,15
berries-250g,2025-08-21,7.3,40,1,8.53,0,0.12,24
yogurt-150g,2025-08-04,2.22,105,4,1.78,0,0.06,38
yogurt-150g,2025-08-14,2.2,96,5,2.43,0,0.88,48
milk-1L,2025-08-21,5.79,14,1,7.02,0,0.69,14
bread-loaf,2025-08-17,3.6,51,2,4.97,0,0.29,51
salad-bowl,2025-08-03,5.3,115,1,5.75,0,0.78,31
chicken-breast,2025-07-31,8.06,115,1,8.6,1,0.99,11
milk-1L,2025-08-17,5.93,94,0,5.86,0,0.01,26
sushi-6pcs,2025-08-22,7.05,40,0,9.21,0,0.95,4
berries-250g,2025-08-19,8.03,21,2,8.17,0,0.77,21
bread-loaf,2025-08-04,3.11,35,1,3.44,0,0.18,35
cut-fruit,2025-08-01,5.03,13,1,4.52,0,0.55,13
berries-250g,2025-08-08,7.69,109,0,7.68,0,0.48,14
berries-250g,2025-08-21,8.26,100,3,7.83,0,0.65,34
sushi-6pcs,2025-08-21,6.98,52,0,8.33,0,0.39,0
chicken-breast,2025-08-06,8.97,89,3,10.02,0,0.09,18
berries-250g,2025-08-23,7.59,80,1,9.73,1,0.52,37
salad-bowl,2025-08-04,4.85,68,1,6.44,1,0.06,37
yogurt-150g,2025-08-20,2.79,39,6,2.41,0,0.12,39
bread-loaf,2025-08-09,3.34,102,1,4.13,0,0.71,43
milk-1L,2025-08-19,5.99,72,4,7.67,0,0.16,56
bread-loaf,2025-07-30,2.74,52,0,4.74,0,0.22,31
bread-loaf,2025-08-11,3.1,39,1,3.53,0,0.51,38
bread-loaf,2025-08-12,3.53,71,1,4.9,0,0.98,46
milk-1L,2025-07-28,5.87,63,3,6.11,0,0.65,45
cut-fruit,2025-08-15,4.19,54,0,6.49,0,0.95,19
yogurt-150g,2025-08-13,2.57,101,5,1.57,0,0.03,47
yogurt-150g,2025-08-22,2.87,85,9,2.69,0,0.84,60
cut-fruit,2025-08-09,4.9,81,1,4.52,0,0.98,32
milk-1L,2025-07-26,6.09,119,3,6.49,0,0.78,45
milk-1L,2025-08-14,6.33,113,5,6.99,0,0.1,52
berries-250g,2025-08-14,7.5,82,1,8.44,1,0.9,28
sushi-6pcs,2025-08-06,7.0,11,0,9.25,0,0.55,8
sushi-6pcs,2025-07-31,6.59,81,0,8.72,0,0.64,1
berries-250g,2025-08-04,7.61,48,0,7.84,1,0.68,23
yogurt-150g,2025-07-26,2.1,102,2,2.09,0,0.85,33
milk-1L,2025-08-21,6.18,115,5,6.97,0,0.52,50
salad-bowl,2025-07-28,5.57,54,1,5.65,0,0.23,28
yogurt-150g,2025-08-08,2.42,31,8,2.69,0,0.68,31
yogurt-150g,2025-08-24,2.63,13,7,2.33,0,0.76,13
berries-250g,2025-08-20,8.62,62,3,8.26,0,0.55,34
chicken-breast,2025-08-23,8.79,87,1,8.55,0,0.43,2
milk-1L,2025-08-07,5.92,63,2,7.84,0,0.36,46
salad-bowl,2025-07-30,5.17,104,1,5.84,1,0.25,37
bread-loaf,2025-07-28,3.38,99,2,3.54,0,0.6,51
bread-loaf,2025-08-03,3.23,120,0,3.45,0,0.18,30
salad-bowl,2025-08-18,5.57,10,1,5.81,1,0.64,10
salad-bowl,2025-08-18,5.3,69,1,6.03,0,0.53,29
yogurt-150g,2025-08-02,2.04,66,1,1.8,0,0.84,36
salad-bowl,2025-08-22,5.07,15,0,5.1,0,0.49,10
chicken-breast,2025-08-21,8.53,84,1,9.26,0,0.77,11
cut-fruit,2025-07-25,4.93,105,1,4.07,0,0.28,24
salad-bowl,2025-08-21,4.79,84,0,6.51,0,0.6,15
milk-1L,2025-08-11,6.34,110,4,6.06,0,0.0,46
bread-loaf,2025-08-01,2.77,14,0,4.75,0,0.17,14
milk-1L,2025-07-25,5.79,19,2,7.36,1,0.65,19
bread-loaf,2025-08-17,3.32,83,1,3.69,1,0.82,46
bread-loaf,2025-08-07,3.24,61,2,2.93,0,0.18,46
salad-bowl,2025-08-14,4.82,41,0,5.67,0,0.96,15
bread-loaf,2025-08-21,3.07,96,1,3.96,0,0.2,42
bread-loaf,2025-08-03,3.06,51,2,4.78,0,0.21,51
sushi-6pcs,2025-08-16,7.07,17,0,8.09,0,0.95,8
yogurt-150g,2025-08-12,2.87,105,9,3.54,1,0.77,60
bread-loaf,2025-08-21,3.32,58,0,3.56,0,0.95,27
berries-250g,2025-08-13,7.33,10,1,8.8,0,0.59,10
cut-fruit,2025-08-23,4.7,105,1,4.8,0,0.0,27
cut-fruit,2025-07-29,5.12,94,1,4.83,0,0.26,26
berries-250g,2025-07-29,7.27,120,1,9.22,1,0.04,30
salad-bowl,2025-08-20,5.08,69,0,6.45,0,0.95,14
salad-bowl,2025-08-07,4.45,77,0,5.24,0,0.44,12
sushi-6pcs,2025-08-10,7.3,68,0,8.66,0,0.29,1
yogurt-150g,2025-08-22,2.02,60,1,2.82,0,0.95,35
bread-loaf,2025-08-10,3.45,47,2,4.09,0,0.45,47
bread-loaf,2025-08-01,3.07,107,2,4.37,0,0.71,58
milk-1L,2025-07-26,6.21,91,4,5.77,0,0.76,44
sushi-6pcs,2025-08-21,7.09,100,0,8.26,0,0.46,1
salad-bowl,2025-08-17,4.79,16,1,6.94,0,0.3,16
sushi-6pcs,2025-08-15,6.63,16,0,8.71,0,0.42,7
sushi-6pcs,2025-08-12,6.91,88,0,8.17,0,0.55,6
milk-1L,2025-08-24,6.04,72,1,6.3,1,0.93,39
chicken-breast,2025-08-24,7.81,75,0,8.75,0,0.27,4
cut-fruit,2025-08-14,4.35,14,1,4.88,0,0.6,14
yogurt-150g,2025-07-28,2.64,61,3,3.33,1,0.2,51
cut-fruit,2025-08-01,5.06,76,1,5.51,0,0.67,27
yogurt-150g,2025-08-22,2.45,60,0,3.27,0,0.1,32
yogurt-150g,2025-08-05,2.63,45,5,3.65,0,0.29,45
salad-bowl,2025-08-20,5.11,100,1,4.91,0,0.27,28
chicken-breast,2025-08-03,8.39,76,1,9.81,0,0.68,7
chicken-breast,2025-08-22,9.0,104,4,9.22,0,0.17,28
chicken-breast,2025-07-26,8.08,111,0,9.78,0,0.6,7
salad-bowl,2025-08-22,4.76,118,0,4.84,0,0.84,12
bread-loaf,2025-08-06,2.82,15,0,4.91,1,0.75,15
berries-250g,2025-08-11,7.39,93,1,8.42,0,0.59,19
yogurt-150g,2025-08-01,2.79,117,8,3.13,0,0.93,49
salad-bowl,2025-07-29,4.99,54,0,4.6,0,0.57,8
milk-1L,2025-08-12,6.18,35,5,6.78,0,0.64,35
cut-fruit,2025-08-17,4.66,98,0,5.76,0,0.55,17
sushi-6pcs,2025-08-22,7.24,72,0,8.61,0,0.32,7
salad-bowl,2025-08-16,4.66,58,0,6.62,0,0.28,13
chicken-breast,2025-08-01,9.29,108,4,10.25,0,0.04,28
berries-250g,2025-08-10,7.94,97,1,9.58,0,0.58,22
sushi-6pcs,2025-08-17,7.29,25,0,9.38,0,0.97,10
milk-1L,2025-08-12,6.44,16,3,5.62,0,0.48,16
chicken-breast,2025-07-28,8.85,24,2,10.59,0,0.25,19
yogurt-150g,2025-08-18,2.42,87,4,2.01,0,0.6,41
berries-250g,2025-08-14,7.98,14,1,8.66,0,0.13,14
bread-loaf,2025-08-11,3.67,16,2,2.59,0,0.34,16
salad-bowl,2025-08-09,5.12,73,0,5.2,0,0.41,11
salad-bowl,2025-08-09,5.1,81,1,4.95,0,0.67,26
chicken-breast,2025-08-24,8.93,95,2,10.94,0,0.86,14
salad-bowl,2025-08-11,4.59,20,0,4.79,0,0.57,17
milk-1L,2025-08-06,6.19,118,5,6.27,0,0.56,54
berries-250g,2025-07-28,7.84,72,2,7.52,0,0.44,31
milk-1L,2025-08-05,6.58,30,4,7.7,1,0.26,30
yogurt-150g,2025-08-02,2.63,107,9,2.69,1,0.61,64
milk-1L,2025-08-15,5.95,17,2,6.77,0,0.99,17
berries-250g,2025-07-28,8.32,88,2,8.08,0,0.19,21
milk-1L,2025-08-17,6.08,58,5,6.08,1,0.35,55
bread-loaf,2025-08-19,3.41,118,1,4.82,0,0.61,43
berries-250g,2025-08-22,7.92,25,2,8.44,0,0.9,25
sushi-6pcs,2025-08-08,6.81,100,0,8.63,0,0.35,7
cut-fruit,2025-08-20,4.47,28,0,4.68,0,0.23,10
salad-bowl,2025-08-03,4.84,100,1,4.61,0,0.18,24
berries-250g,2025-08-22,7.52,10,1,7.76,0,0.17,10
cut-fruit,2025-08-24,4.14,25,0,6.21,0,0.88,21
salad-bowl,2025-08-12,4.89,86,1,5.85,0,0.21,33
chicken-breast,2025-08-21,8.66,117,1,9.06,0,0.16,7
yogurt-150g,2025-08-15,1.95,47,0,3.79,0,0.55,35
milk-1L,2025-08-08,5.57,59,2,5.67,1,0.63,43
chicken-breast,2025-08-09,8.37,46,0,10.66,0,0.23,8
milk-1L,2025-08-15,6.37,31,6,7.47,0,0.66,31
salad-bowl,2025-07-25,5.0,88,1,5.5,1,0.7,41
chicken-breast,2025-08-21,8.99,29,3,9.03,1,0.47,23
cut-fruit,2025-07-25,4.41,51,1,5.23,0,0.92,32
berries-250g,2025-07-28,8.12,21,3,8.55,0,0.31,21
cut-fruit,2025-07-29,3.98,82,0,5.22,0,0.13,8
chicken-breast,2025-08-17,8.55,102,0,8.8,0,0.24,0
sushi-6pcs,2025-08-08,7.03,64,0,7.22,0,0.14,3
milk-1L,2025-07-25,6.7,91,5,6.03,0,0.24,52
bread-loaf,2025-08-05,2.98,32,0,4.79,0,0.49,32
milk-1L,2025-07-31,5.85,13,1,6.6,0,1.0,13
salad-bowl,2025-07-30,5.05,120,0,5.88,0,0.65,14
yogurt-150g,2025-08-01,2.8,117,6,3.24,0,0.4,49
chicken-breast,2025-08-07,9.65,76,4,9.91,0,0.29,27
cut-fruit,2025-08-18,4.04,26,0,5.98,0,0.52,13
yogurt-150g,2025-08-02,2.23,41,7,1.69,0,0.3,41
chicken-breast,2025-07-29,8.63,102,1,10.35,0,0.52,5
sushi-6pcs,2025-08-12,6.72,118,0,7.81,0,0.95,5
berries-250g,2025-07-29,8.01,38,1,9.45,0,0.69,21
cut-fruit,2025-08-24,5.04,35,1,4.8,1,0.59,32
yogurt-150g,2025-08-06,2.67,87,7,3.88,0,0.46,52
salad-bowl,2025-08-06,4.91,112,0,5.36,0,0.92,14
yogurt-150g,2025-08-20,2.38,44,1,3.79,1,0.99,44
cut-fruit,2025-08-20,4.12,29,0,5.68,0,0.25,12
salad-bowl,2025-08-08,5.44,106,1,6.9,1,0.12,34
berries-250g,2025-07-25,7.77,101,1,8.21,0,0.94,19
bread-loaf,2025-08-04,2.85,35,0,4.26,0,0.75,35
bread-loaf,2025-08-19,2.9,54,1,4.96,0,0.77,45
sushi-6pcs,2025-08-05,6.99,13,0,7.18,0,0.57,0
salad-bowl,2025-07-31,4.92,14,1,5.79,0,0.17,14
chicken-breast,2025-07-29,7.79,119,0,8.55,1,0.23,11
yogurt-150g,2025-07-25,1.94,45,2,2.5,0,0.79,39
berries-250g,2025-08-17,7.68,51,1,7.64,0,0.51,21
berries-250g,2025-08-02,7.61,91,0,9.97,0,0.85,18
milk-1L,2025-08-22,6.56,95,5,5.78,0,0.35,53
cut-fruit,2025-08-19,4.72,66,0,5.43,0,0.78,16
bread-loaf,2025-08-09,3.37,32,2,3.62,0,0.84,32
sushi-6pcs,2025-07-26,7.14,94,0,8.79,0,0.9,2
salad-bowl,2025-08-09,5.49,110,1,5.44,0,0.3,23
cut-fruit,2025-08-24,4.88,57,1,4.38,0,0.04,26
salad-bowl,2025-08-14,4.82,40,1,5.47,0,0.23,28
yogurt-150g,2025-07-30,2.73,102,8,3.94,0,0.66,57
yogurt-150g,2025-07-26,2.12,117,6,3.32,0,0.06,48
sushi-6pcs,2025-08-11,6.79,26,0,9.36,0,0.06,2
yogurt-150g,2025-08-16,2.27,114,7,3.57,0,0.7,50
chicken-breast,2025-08-05,8.32,87,1,10.95,0,0.59,15
milk-1L,2025-08-09,5.4,84,0,5.93,0,0.26,35
salad-bowl,2025-08-02,5.52,26,1,6.01,0,0.21,26
salad-bowl,2025-07-29,4.92,42,0,6.89,0,0.9,16
sushi-6pcs,2025-08-21,6.91,67,0,7.6,0,0.52,0
berries-250g,2025-07-26,6.93,51,0,7.83,0,0.27,12
bread-loaf,2025-08-22,3.06,89,2,3.43,1,0.85,58
bread-loaf,2025-08-22,3.55,14,2,3.45,0,0.79,14
milk-1L,2025-08-01,6.25,83,2,6.53,0,0.96,38
milk-1L,2025-08-01,5.81,25,4,6.81,0,0.2,25
chicken-breast,2025-08-08,8.41,111,1,10.64,0,0.59,7
chicken-breast,2025-08-13,9.47,27,4,8.59,0,0.72,25
salad-bowl,2025-08-09,4.65,119,0,6.25,0,0.63,20
bread-loaf,2025-07-27,3.2,101,2,4.9,0,0.09,59
sushi-6pcs,2025-08-16,6.89,10,0,7.86,0,0.36,0
sushi-6pcs,2025-08-13,7.24,89,0,9.16,0,0.67,3
bread-loaf,2025-08-14,3.29,68,1,4.38,1,0.24,55
berries-250g,2025-08-08,7.96,74,3,9.97,0,0.82,41
milk-1L,2025-08-09,6.55,99,4,6.82,0,0.37,49
milk-1L,2025-07-28,6.12,22,2,7.58,0,0.17,22
cut-fruit,2025-07-31,4.14,83,0,6.4,0,0.05,11
cut-fruit,2025-08-01,4.12,55,0,5.45,1,0.26,24
cut-fruit,2025-08-18,4.13,82,0,5.25,0,0.74,13
chicken-breast,2025-08-07,7.86,33,0,9.64,0,0.45,9
berries-250g,2025-08-06,7.73,55,2,8.34,1,0.87,37
berries-250g,2025-08-21,8.06,24,2,9.76,1,0.83,24
berries-250g,2025-08-18,8.36,99,3,8.65,0,0.12,38
cut-fruit,2025-08-05,4.83,14,1,5.15,0,0.29,14
cut-fruit,2025-07-31,4.76,111,1,4.96,0,0.72,32
berries-250g,2025-08-10,7.94,108,2,8.91,0,0.18,31
berries-250g,2025-08-20,7.63,61,1,8.06,0,0.88,24
yogurt-150g,2025-08-08,2.55,105,2,3.85,0,0.51,41
milk-1L,2025-08-06,5.93,92,2,5.72,0,0.45,40
bread-loaf,2025-08-09,3.33,86,2,3.98,1,0.27,59
bread-loaf,2025-07-27,3.08,38,0,4.72,0,0.11,37
salad-bowl,2025-08-08,4.94,97,0,5.16,0,0.93,15
yogurt-150g,2025-08-03,2.47,38,8,3.64,1,0.97,38
salad-bowl,2025-08-01,5.23,63,1,4.93,0,0.99,27
salad-bowl,2025-08-16,4.44,105,0,5.13,0,0.25,10
sushi-6pcs,2025-08-04,6.76,103,0,7.55,0,0.17,0
berries-250g,2025-08-22,8.39,66,3,9.55,0,0.0,35
milk-1L,2025-08-20,5.64,110,2,7.14,1,0.41,47
bread-loaf,2025-08-17,3.14,76,0,3.86,0,0.37,31
cut-fruit,2025-08-18,5.02,108,1,6.27,0,0.86,27
milk-1L,2025-08-15,6.21,91,2,6.93,0,0.74,45
milk-1L,2025-07-30,6.7,14,5,5.72,0,0.49,14
milk-1L,2025-07-25,6.14,34,3,5.62,0,0.8,34
salad-bowl,2025-08-08,4.99,38,1,5.52,0,0.91,28
chicken-breast,2025-08-09,9.3,85,4,9.6,0,0.25,27
sushi-6pcs,2025-08-13,7.2,58,0,9.4,0,0.53,7
milk-1L,2025-07-26,5.64,87,1,7.5,0,0.34,35
sushi-6pcs,2025-08-19,6.7,43,0,8.29,0,0.19,8
chicken-breast,2025-08-01,8.45,24,0,9.73,0,0.33,0
bread-loaf,2025-07-29,3.24,21,0,4.69,0,0.09,21
yogurt-150g,2025-08-11,2.22,76,3,1.68,0,0.52,43
chicken-breast,2025-08-08,8.88,16,2,9.51,0,0.85,16
chicken-breast,2025-07-27,9.05,68,3,8.67,0,0.81,18
cut-fruit,2025-08-21,4.27,77,0,5.45,1,0.08,21
bread-loaf,2025-07-25,3.12,113,1,4.98,0,0.16,41
sushi-6pcs,2025-08-18,7.13,94,0,7.44,0,0.36,1
salad-bowl,2025-07-30,5.17,72,1,5.65,0,0.81,29
chicken-breast,2025-08-24,9.19,95,4,10.16,0,0.94,31
sushi-6pcs,2025-08-10,7.3,70,0,9.17,0,0.75,2
sushi-6pcs,2025-08-05,6.79,93,0,8.04,0,0.32,1
milk-1L,2025-07-28,5.41,118,1,5.95,0,0.31,35
chicken-breast,2025-08-22,8.16,35,0,10.47,0,0.68,3
salad-bowl,2025-07-27,5.14,28,0,6.89,0,0.75,17
yogurt-150g,2025-08-21,2.25,76,6,3.25,0,0.25,49
milk-1L,2025-08-09,6.24,114,3,7.62,0,0.64,48
chicken-breast,2025-08-04,8.46,37,0,8.6,0,0.21,5
cut-fruit,2025-08-02,4.73,24,0,4.33,1,0.72,22
yogurt-150g,2025-08-17,2.75,43,6,2.06,0,0.89,43
berries-250g,2025-08-09,7.24,46,0,8.21,0,0.84,19
bread-loaf,2025-08-18,3.32,53,2,3.08,0,0.37,46
cut-fruit,2025-08-16,4.91,59,1,5.42,1,0.63,37
cut-fruit,2025-08-11,4.59,80,1,5.91,0,0.9,33
milk-1L,2025-08-15,5.57,99,1,5.68,0,0.06,35
yogurt-150g,2025-07-27,2.47,35,1,3.78,0,0.36,33
milk-1L,2025-08-12,6.56,28,5,7.28,0,0.68,28
milk-1L,2025-08-24,5.98,24,0,7.74,0,0.01,24
chicken-breast,2025-07-28,8.29,97,1,8.67,0,0.74,8
yogurt-150g,2025-08-08,2.23,27,1,1.85,0,0.93,27
chicken-breast,2025-07-27,9.42,23,3,9.46,0,0.43,23
bread-loaf,2025-08-19,3.42,110,1,3.45,0,0.54,37
cut-fruit,2025-08-05,5.05,54,1,4.03,0,0.58,25
bread-loaf,2025-08-04,3.3,114,2,4.63,0,0.04,58
milk-1L,2025-08-20,6.0,34,2,5.73,1,0.84,34
bread-loaf,2025-08-22,3.38,119,2,4.4,1,0.24,59
milk-1L,2025-08-01,6.57,84,6,5.53,0,0.98,52
milk-1L,2025-08-14,6.83,104,6,7.37,0,0.2,57
berries-250g,2025-07-31,8.02,77,2,7.52,1,0.51,32
berries-250g,2025-08-08,7.12,14,0,9.31,0,0.65,14
yogurt-150g,2025-08-08,2.15,19,7,2.03,0,0.42,19
